,step,mnist-acc,mnistm-acc,domain-acc
0,0.0,0.09375,0.125,0.5
1,10.0,0.21875,0.15625,0.5
2,20.0,0.1875,0.03125,0.5
3,30.0,0.09375,0.03125,0.5
4,40.0,0.34375,0.09375,0.609375
5,50.0,0.3125,0.09375,0.703125
6,60.0,0.59375,0.21875,0.5625
7,70.0,0.5,0.28125,0.765625
8,80.0,0.3125,0.25,0.78125
9,90.0,0.53125,0.21875,0.890625
10,100.0,0.8125,0.25,0.71875
11,110.0,0.6875,0.40625,0.859375
12,120.0,0.84375,0.5625,0.8125
13,130.0,0.71875,0.28125,0.8125
14,140.0,0.84375,0.4375,0.71875
15,150.0,0.875,0.59375,0.78125
16,160.0,0.84375,0.46875,0.8125
17,170.0,0.84375,0.46875,0.828125
18,180.0,0.84375,0.53125,0.890625
19,190.0,0.84375,0.4375,0.890625
20,200.0,0.8125,0.46875,0.875
21,210.0,0.84375,0.625,0.703125
22,220.0,0.9375,0.53125,0.6875
23,230.0,0.9375,0.5,0.796875
24,240.0,0.875,0.40625,0.890625
25,250.0,0.9375,0.21875,0.9375
26,260.0,0.875,0.34375,0.96875
27,270.0,0.9375,0.4375,0.875
28,280.0,1.0,0.46875,0.921875
29,290.0,0.8125,0.46875,0.9375
30,300.0,0.875,0.625,0.828125
31,310.0,0.96875,0.53125,0.890625
32,320.0,0.90625,0.46875,0.90625
33,330.0,0.875,0.71875,0.875
34,340.0,0.875,0.5625,0.953125
35,350.0,0.9375,0.40625,0.890625
36,360.0,0.9375,0.65625,0.90625
37,370.0,1.0,0.5625,0.859375
38,380.0,0.96875,0.5625,0.953125
39,390.0,0.90625,0.65625,0.875
40,400.0,0.96875,0.53125,0.921875
41,410.0,0.9375,0.53125,0.9375
42,420.0,0.96875,0.5,0.96875
43,430.0,0.96875,0.65625,0.9375
44,440.0,0.96875,0.5,0.921875
45,450.0,0.875,0.53125,0.90625
46,460.0,1.0,0.65625,0.90625
47,470.0,0.96875,0.59375,1.0
48,480.0,0.90625,0.625,0.9375
49,490.0,0.96875,0.375,0.953125
50,500.0,0.90625,0.59375,0.921875
51,510.0,1.0,0.40625,0.984375
52,520.0,0.96875,0.6875,0.90625
53,530.0,1.0,0.5,0.9375
54,540.0,0.96875,0.5,0.9375
55,550.0,0.96875,0.5,0.921875
56,560.0,0.96875,0.53125,0.890625
57,570.0,1.0,0.53125,0.90625
58,580.0,0.96875,0.78125,0.921875
59,590.0,0.9375,0.53125,0.90625
60,600.0,0.96875,0.65625,0.875
61,610.0,0.96875,0.4375,0.953125
62,620.0,0.9375,0.59375,0.9375
63,630.0,0.96875,0.5625,0.953125
64,640.0,0.96875,0.46875,0.890625
65,650.0,0.9375,0.5,0.9375
66,660.0,0.90625,0.46875,0.984375
67,670.0,0.90625,0.5625,0.953125
68,680.0,0.90625,0.71875,0.953125
69,690.0,0.90625,0.4375,0.984375
70,700.0,1.0,0.59375,1.0
71,710.0,0.96875,0.5,0.953125
72,720.0,1.0,0.4375,0.96875
73,730.0,0.96875,0.46875,0.9375
74,740.0,0.96875,0.65625,0.859375
75,750.0,0.96875,0.5625,0.9375
76,760.0,0.9375,0.5,0.96875
77,770.0,1.0,0.5,0.90625
78,780.0,1.0,0.625,0.921875
79,790.0,0.96875,0.40625,0.9375
80,800.0,0.96875,0.59375,0.9375
81,810.0,0.96875,0.34375,0.984375
82,820.0,0.90625,0.5625,0.984375
83,830.0,0.96875,0.46875,0.953125
84,840.0,0.96875,0.53125,0.921875
85,850.0,0.96875,0.4375,0.96875
86,860.0,0.9375,0.65625,0.875
87,870.0,0.96875,0.5625,0.9375
88,880.0,0.84375,0.71875,0.890625
89,890.0,0.96875,0.6875,0.921875
90,900.0,1.0,0.59375,0.96875
91,910.0,0.9375,0.5625,0.9375
92,920.0,0.96875,0.53125,0.953125
93,930.0,0.96875,0.59375,0.984375
94,940.0,1.0,0.59375,0.90625
95,950.0,1.0,0.59375,0.9375
96,960.0,0.96875,0.65625,0.921875
97,970.0,1.0,0.65625,0.953125
98,980.0,0.96875,0.53125,0.921875
99,990.0,1.0,0.625,0.859375
100,1000.0,0.96875,0.8125,0.90625
101,1010.0,1.0,0.625,0.921875
102,1020.0,0.96875,0.53125,0.890625
103,1030.0,0.9375,0.53125,0.9375
104,1040.0,0.9375,0.5625,0.90625
105,1050.0,0.90625,0.5625,0.9375
106,1060.0,1.0,0.5,0.953125
107,1070.0,1.0,0.53125,0.953125
108,1080.0,1.0,0.5625,0.953125
109,1090.0,0.96875,0.59375,0.96875
110,1100.0,0.9375,0.65625,0.984375
111,1110.0,0.96875,0.5,0.921875
112,1120.0,1.0,0.65625,0.953125
113,1130.0,0.96875,0.5,0.96875
114,1140.0,1.0,0.4375,0.984375
115,1150.0,1.0,0.40625,0.953125
116,1160.0,1.0,0.5625,0.953125
117,1170.0,0.96875,0.53125,0.96875
118,1180.0,1.0,0.6875,0.953125
119,1190.0,0.9375,0.5,0.984375
120,1200.0,1.0,0.5625,0.90625
121,1210.0,0.96875,0.5625,0.953125
122,1220.0,0.96875,0.5625,0.953125
123,1230.0,0.96875,0.65625,0.90625
124,1240.0,1.0,0.5,0.9375
125,1250.0,1.0,0.5,0.90625
126,1260.0,1.0,0.59375,0.9375
127,1270.0,1.0,0.5625,0.890625
128,1280.0,0.9375,0.46875,0.984375
129,1290.0,1.0,0.5625,0.953125
130,1300.0,0.96875,0.6875,0.9375
131,1310.0,1.0,0.5625,0.921875
132,1320.0,0.96875,0.5625,0.953125
133,1330.0,1.0,0.75,0.921875
134,1340.0,1.0,0.5625,0.921875
135,1350.0,0.9375,0.5625,0.96875
136,1360.0,1.0,0.65625,0.921875
137,1370.0,0.9375,0.6875,0.9375
138,1380.0,0.90625,0.71875,0.875
139,1390.0,0.96875,0.59375,0.984375
140,1400.0,1.0,0.6875,0.96875
141,1410.0,0.96875,0.625,0.9375
142,1420.0,1.0,0.65625,0.90625
143,1430.0,0.96875,0.65625,0.875
144,1440.0,0.90625,0.59375,0.90625
145,1450.0,1.0,0.5625,0.984375
146,1460.0,0.96875,0.40625,0.953125
147,1470.0,0.96875,0.65625,0.984375
148,1480.0,1.0,0.625,0.921875
149,1490.0,0.96875,0.6875,0.90625
150,1500.0,0.96875,0.6875,0.9375
151,1510.0,0.96875,0.65625,0.890625
152,1520.0,0.96875,0.625,0.90625
153,1530.0,0.96875,0.65625,0.921875
154,1540.0,0.96875,0.46875,0.984375
155,1550.0,0.90625,0.71875,0.890625
156,1560.0,0.96875,0.4375,0.96875
157,1570.0,1.0,0.53125,0.90625
158,1580.0,1.0,0.71875,0.90625
159,1590.0,0.96875,0.53125,0.953125
160,1600.0,0.96875,0.65625,0.953125
161,1610.0,0.9375,0.6875,0.90625
162,1620.0,0.9375,0.625,0.90625
163,1630.0,0.90625,0.6875,0.984375
164,1640.0,0.96875,0.46875,0.890625
165,1650.0,1.0,0.625,0.984375
166,1660.0,0.9375,0.65625,0.890625
167,1670.0,0.96875,0.625,0.96875
168,1680.0,1.0,0.46875,0.90625
169,1690.0,1.0,0.6875,0.890625
170,1700.0,1.0,0.53125,0.890625
171,1710.0,0.96875,0.59375,0.96875
172,1720.0,1.0,0.6875,0.953125
173,1730.0,0.96875,0.6875,0.875
174,1740.0,1.0,0.71875,0.90625
175,1750.0,0.96875,0.46875,0.953125
176,1760.0,0.96875,0.53125,0.890625
177,1770.0,0.90625,0.59375,0.875
178,1780.0,1.0,0.75,0.90625
179,1790.0,0.96875,0.8125,0.890625
180,1800.0,0.96875,0.65625,0.890625
181,1810.0,0.96875,0.5625,0.90625
182,1820.0,1.0,0.4375,0.9375
183,1830.0,1.0,0.53125,0.9375
184,1840.0,1.0,0.46875,0.921875
185,1850.0,0.96875,0.65625,0.90625
186,1860.0,1.0,0.625,0.90625
187,1870.0,0.96875,0.5625,0.828125
188,1880.0,1.0,0.5625,0.96875
189,1890.0,0.9375,0.625,0.9375
190,1900.0,0.9375,0.5,0.953125
191,1910.0,1.0,0.6875,0.90625
192,1920.0,0.9375,0.78125,0.90625
193,1930.0,0.96875,0.40625,0.984375
194,1940.0,0.9375,0.75,0.859375
195,1950.0,1.0,0.5625,0.953125
196,1960.0,1.0,0.65625,0.875
197,1970.0,0.96875,0.53125,0.921875
198,1980.0,0.96875,0.625,0.984375
199,1990.0,1.0,0.59375,0.921875
200,2000.0,1.0,0.6875,0.90625
201,2010.0,0.96875,0.625,0.84375
202,2020.0,1.0,0.59375,0.796875
203,2030.0,1.0,0.28125,0.875
204,2040.0,1.0,0.625,0.9375
205,2050.0,0.96875,0.65625,0.890625
206,2060.0,0.96875,0.65625,0.890625
207,2070.0,0.96875,0.625,0.859375
208,2080.0,1.0,0.75,0.875
209,2090.0,1.0,0.59375,0.953125
210,2100.0,1.0,0.53125,0.890625
211,2110.0,1.0,0.53125,0.84375
212,2120.0,1.0,0.5,0.890625
213,2130.0,1.0,0.375,0.875
214,2140.0,1.0,0.59375,0.859375
215,2150.0,1.0,0.625,0.859375
216,2160.0,0.9375,0.53125,0.90625
217,2170.0,1.0,0.53125,0.890625
218,2180.0,1.0,0.6875,0.765625
219,2190.0,0.96875,0.6875,0.8125
220,2200.0,0.9375,0.65625,0.8125
221,2210.0,0.90625,0.46875,0.75
222,2220.0,0.96875,0.6875,0.84375
223,2230.0,0.9375,0.75,0.859375
224,2240.0,1.0,0.65625,0.8125
225,2250.0,0.96875,0.625,0.8125
226,2260.0,0.9375,0.5625,0.890625
227,2270.0,1.0,0.59375,0.84375
228,2280.0,0.96875,0.625,0.859375
229,2290.0,1.0,0.71875,0.890625
230,2300.0,1.0,0.5625,0.921875
231,2310.0,1.0,0.71875,0.953125
232,2320.0,0.9375,0.4375,0.921875
233,2330.0,0.96875,0.65625,0.859375
234,2340.0,0.9375,0.53125,0.953125
235,2350.0,0.9375,0.625,0.90625
236,2360.0,0.9375,0.5,0.875
237,2370.0,0.96875,0.59375,0.84375
238,2380.0,0.9375,0.625,0.8125
239,2390.0,0.96875,0.6875,0.84375
240,2400.0,1.0,0.6875,0.84375
241,2410.0,0.96875,0.65625,0.765625
242,2420.0,1.0,0.6875,0.859375
243,2430.0,0.9375,0.59375,0.8125
244,2440.0,1.0,0.65625,0.765625
245,2450.0,1.0,0.625,0.96875
246,2460.0,0.96875,0.5,0.78125
247,2470.0,0.9375,0.84375,0.796875
248,2480.0,1.0,0.625,0.796875
249,2490.0,0.9375,0.53125,0.890625
250,2500.0,1.0,0.65625,0.84375
251,2510.0,0.96875,0.5625,0.828125
252,2520.0,0.96875,0.6875,0.890625
253,2530.0,0.96875,0.625,0.875
254,2540.0,1.0,0.59375,0.96875
255,2550.0,0.96875,0.59375,0.890625
256,2560.0,1.0,0.625,0.859375
257,2570.0,0.96875,0.625,0.875
258,2580.0,1.0,0.53125,0.953125
259,2590.0,1.0,0.4375,0.8125
260,2600.0,1.0,0.59375,0.8125
261,2610.0,0.90625,0.5,0.75
262,2620.0,1.0,0.6875,0.828125
263,2630.0,0.96875,0.65625,0.796875
264,2640.0,1.0,0.46875,0.890625
265,2650.0,1.0,0.5,0.90625
266,2660.0,1.0,0.6875,0.890625
267,2670.0,1.0,0.75,0.90625
268,2680.0,0.96875,0.5625,0.875
269,2690.0,1.0,0.5,0.90625
270,2700.0,0.96875,0.5,0.875
271,2710.0,0.9375,0.625,0.875
272,2720.0,0.96875,0.46875,0.84375
273,2730.0,1.0,0.6875,0.890625
274,2740.0,1.0,0.46875,0.890625
275,2750.0,0.96875,0.625,0.828125
276,2760.0,1.0,0.46875,0.828125
277,2770.0,0.96875,0.625,0.90625
278,2780.0,0.96875,0.71875,0.828125
279,2790.0,0.96875,0.71875,0.859375
280,2800.0,1.0,0.625,0.84375
281,2810.0,1.0,0.71875,0.921875
282,2820.0,0.9375,0.65625,0.90625
283,2830.0,1.0,0.625,0.90625
284,2840.0,1.0,0.65625,0.828125
285,2850.0,1.0,0.65625,0.875
286,2860.0,0.96875,0.6875,0.875
287,2870.0,1.0,0.75,0.796875
288,2880.0,0.96875,0.53125,0.9375
289,2890.0,0.9375,0.625,0.875
290,2900.0,0.9375,0.625,0.890625
291,2910.0,1.0,0.71875,0.8125
292,2920.0,0.96875,0.625,0.875
293,2930.0,0.96875,0.65625,0.890625
294,2940.0,0.90625,0.625,0.78125
295,2950.0,0.9375,0.59375,0.828125
296,2960.0,1.0,0.5625,0.90625
297,2970.0,0.9375,0.71875,0.875
298,2980.0,0.96875,0.5625,0.8125
299,2990.0,1.0,0.75,0.84375
300,3000.0,1.0,0.65625,0.859375
301,3010.0,1.0,0.71875,0.859375
302,3020.0,0.96875,0.59375,0.921875
303,3030.0,1.0,0.5625,0.859375
304,3040.0,0.96875,0.46875,0.875
305,3050.0,0.9375,0.5,0.859375
306,3060.0,1.0,0.71875,0.828125
307,3070.0,1.0,0.59375,0.875
308,3080.0,0.96875,0.53125,0.875
309,3090.0,1.0,0.5625,0.90625
310,3100.0,1.0,0.71875,0.921875
311,3110.0,1.0,0.5625,0.921875
312,3120.0,1.0,0.5625,0.859375
313,3130.0,0.90625,0.6875,0.90625
314,3140.0,0.96875,0.5625,0.859375
315,3150.0,0.9375,0.6875,0.953125
316,3160.0,0.90625,0.5625,0.921875
317,3170.0,0.90625,0.8125,0.875
318,3180.0,1.0,0.59375,0.96875
319,3190.0,1.0,0.65625,0.921875
320,3200.0,1.0,0.65625,0.875
321,3210.0,0.96875,0.6875,0.875
322,3220.0,1.0,0.59375,0.84375
323,3230.0,1.0,0.78125,0.859375
324,3240.0,0.9375,0.65625,0.859375
325,3250.0,0.96875,0.75,0.90625
326,3260.0,1.0,0.625,0.890625
327,3270.0,0.9375,0.59375,0.859375
328,3280.0,1.0,0.65625,0.921875
329,3290.0,1.0,0.75,0.875
330,3300.0,1.0,0.625,0.90625
331,3310.0,1.0,0.6875,0.875
332,3320.0,1.0,0.78125,0.9375
333,3330.0,1.0,0.59375,0.9375
334,3340.0,0.96875,0.46875,0.875
335,3350.0,0.96875,0.59375,0.953125
336,3360.0,0.96875,0.53125,0.875
337,3370.0,1.0,0.71875,0.9375
338,3380.0,0.9375,0.71875,0.828125
339,3390.0,0.96875,0.6875,0.875
340,3400.0,0.96875,0.6875,0.859375
341,3410.0,1.0,0.65625,0.875
342,3420.0,0.9375,0.78125,0.828125
343,3430.0,0.9375,0.59375,0.859375
344,3440.0,1.0,0.53125,0.84375
345,3450.0,1.0,0.71875,0.90625
346,3460.0,1.0,0.65625,0.828125
347,3470.0,1.0,0.65625,0.859375
348,3480.0,1.0,0.6875,0.953125
349,3490.0,1.0,0.625,0.875
350,3500.0,1.0,0.65625,0.90625
351,3510.0,0.96875,0.53125,0.90625
352,3520.0,0.96875,0.6875,0.890625
353,3530.0,0.96875,0.65625,0.828125
354,3540.0,1.0,0.75,0.8125
355,3550.0,1.0,0.59375,0.84375
356,3560.0,0.96875,0.625,0.890625
357,3570.0,0.96875,0.53125,0.90625
358,3580.0,1.0,0.75,0.859375
359,3590.0,0.96875,0.5625,0.84375
360,3600.0,0.96875,0.71875,0.84375
361,3610.0,1.0,0.6875,0.859375
362,3620.0,1.0,0.6875,0.875
363,3630.0,0.96875,0.59375,0.875
364,3640.0,1.0,0.71875,0.859375
365,3650.0,0.9375,0.59375,0.859375
366,3660.0,1.0,0.71875,0.875
367,3670.0,0.96875,0.59375,0.828125
368,3680.0,1.0,0.59375,0.84375
369,3690.0,1.0,0.71875,0.921875
370,3700.0,0.9375,0.8125,0.84375
371,3710.0,1.0,0.625,0.9375
372,3720.0,1.0,0.59375,0.859375
373,3730.0,1.0,0.65625,0.859375
374,3740.0,0.96875,0.71875,0.875
375,3750.0,1.0,0.84375,0.90625
376,3760.0,1.0,0.75,0.875
377,3770.0,1.0,0.71875,0.875
378,3780.0,0.96875,0.625,0.953125
379,3790.0,0.96875,0.75,0.828125
380,3800.0,0.96875,0.625,0.828125
381,3810.0,0.96875,0.59375,0.828125
382,3820.0,1.0,0.65625,0.828125
383,3830.0,1.0,0.6875,0.90625
384,3840.0,1.0,0.75,0.84375
385,3850.0,0.96875,0.71875,0.890625
386,3860.0,1.0,0.75,0.84375
387,3870.0,1.0,0.78125,0.796875
388,3880.0,1.0,0.65625,0.9375
389,3890.0,1.0,0.65625,0.859375
390,3900.0,0.9375,0.65625,0.8125
391,3910.0,1.0,0.53125,0.9375
392,3920.0,0.96875,0.46875,0.90625
393,3930.0,0.96875,0.5625,0.9375
394,3940.0,1.0,0.71875,0.890625
395,3950.0,0.96875,0.65625,0.859375
396,3960.0,1.0,0.8125,0.84375
397,3970.0,1.0,0.65625,0.9375
398,3980.0,1.0,0.8125,0.796875
399,3990.0,0.9375,0.75,0.890625
400,4000.0,1.0,0.53125,0.90625
401,4010.0,0.96875,0.5625,0.859375
402,4020.0,0.9375,0.6875,0.90625
403,4030.0,0.96875,0.5625,0.90625
404,4040.0,1.0,0.75,0.828125
405,4050.0,1.0,0.6875,0.828125
406,4060.0,0.96875,0.71875,0.859375
407,4070.0,1.0,0.90625,0.875
408,4080.0,1.0,0.6875,0.84375
409,4090.0,1.0,0.53125,0.921875
410,4100.0,1.0,0.65625,0.796875
411,4110.0,1.0,0.65625,0.828125
412,4120.0,1.0,0.6875,0.78125
413,4130.0,1.0,0.625,0.921875
414,4140.0,0.96875,0.625,0.765625
415,4150.0,1.0,0.71875,0.921875
416,4160.0,0.96875,0.71875,0.84375
417,4170.0,1.0,0.71875,0.84375
418,4180.0,1.0,0.65625,0.90625
419,4190.0,1.0,0.59375,0.859375
420,4200.0,1.0,0.65625,0.859375
421,4210.0,0.96875,0.71875,0.875
422,4220.0,1.0,0.71875,0.828125
423,4230.0,0.96875,0.78125,0.890625
424,4240.0,0.96875,0.6875,0.859375
425,4250.0,0.96875,0.5,0.8125
426,4260.0,0.9375,0.5625,0.890625
427,4270.0,1.0,0.6875,0.84375
428,4280.0,1.0,0.65625,0.8125
429,4290.0,0.96875,0.6875,0.78125
430,4300.0,0.96875,0.71875,0.875
431,4310.0,0.96875,0.59375,0.859375
432,4320.0,1.0,0.6875,0.8125
433,4330.0,1.0,0.65625,0.890625
434,4340.0,1.0,0.65625,0.953125
435,4350.0,1.0,0.75,0.859375
436,4360.0,0.96875,0.8125,0.859375
437,4370.0,0.96875,0.5625,0.828125
438,4380.0,1.0,0.65625,0.84375
439,4390.0,1.0,0.59375,0.859375
440,4400.0,0.96875,0.71875,0.859375
441,4410.0,0.96875,0.65625,0.84375
442,4420.0,1.0,0.6875,0.828125
443,4430.0,1.0,0.75,0.84375
444,4440.0,1.0,0.6875,0.921875
445,4450.0,1.0,0.625,0.890625
446,4460.0,1.0,0.5625,0.859375
447,4470.0,1.0,0.8125,0.8125
448,4480.0,1.0,0.875,0.859375
449,4490.0,1.0,0.71875,0.859375
450,4500.0,0.9375,0.6875,0.765625
451,4510.0,1.0,0.59375,0.890625
452,4520.0,1.0,0.75,0.75
453,4530.0,1.0,0.6875,0.8125
454,4540.0,1.0,0.5625,0.890625
455,4550.0,0.96875,0.78125,0.75
456,4560.0,0.96875,0.625,0.90625
457,4570.0,1.0,0.8125,0.84375
458,4580.0,0.96875,0.59375,0.71875
459,4590.0,0.96875,0.59375,0.875
460,4600.0,0.96875,0.59375,0.796875
461,4610.0,0.96875,0.90625,0.875
462,4620.0,0.96875,0.6875,0.890625
463,4630.0,0.9375,0.65625,0.84375
464,4640.0,1.0,0.53125,0.859375
465,4650.0,1.0,0.59375,0.875
466,4660.0,0.96875,0.75,0.78125
467,4670.0,0.96875,0.65625,0.828125
468,4680.0,0.96875,0.625,0.796875
469,4690.0,0.96875,0.8125,0.859375
470,4700.0,1.0,0.71875,0.796875
471,4710.0,1.0,0.71875,0.921875
472,4720.0,1.0,0.8125,0.8125
473,4730.0,1.0,0.8125,0.859375
474,4740.0,0.9375,0.65625,0.8125
475,4750.0,1.0,0.84375,0.859375
476,4760.0,0.96875,0.625,0.796875
477,4770.0,0.96875,0.625,0.9375
478,4780.0,1.0,0.5625,0.828125
479,4790.0,0.9375,0.5625,0.875
480,4800.0,0.96875,0.71875,0.921875
481,4810.0,1.0,0.71875,0.890625
482,4820.0,1.0,0.71875,0.828125
483,4830.0,1.0,0.6875,0.796875
484,4840.0,1.0,0.75,0.84375
485,4850.0,0.96875,0.65625,0.828125
486,4860.0,0.96875,0.8125,0.921875
487,4870.0,1.0,0.6875,0.828125
488,4880.0,1.0,0.59375,0.859375
489,4890.0,1.0,0.59375,0.84375
490,4900.0,1.0,0.71875,0.8125
491,4910.0,1.0,0.625,0.90625
492,4920.0,1.0,0.6875,0.859375
493,4930.0,0.96875,0.625,0.8125
494,4940.0,0.9375,0.6875,0.828125
495,4950.0,1.0,0.65625,0.796875
496,4960.0,0.96875,0.71875,0.828125
497,4970.0,1.0,0.625,0.84375
498,4980.0,0.96875,0.78125,0.75
499,4990.0,1.0,0.6875,0.765625
500,5000.0,0.96875,0.84375,0.71875
501,5010.0,0.9375,0.71875,0.8125
502,5020.0,0.96875,0.5625,0.75
503,5030.0,0.96875,0.59375,0.75
504,5040.0,1.0,0.6875,0.84375
505,5050.0,1.0,0.53125,0.84375
506,5060.0,0.96875,0.75,0.828125
507,5070.0,1.0,0.71875,0.796875
508,5080.0,1.0,0.65625,0.8125
509,5090.0,0.96875,0.625,0.75
510,5100.0,1.0,0.59375,0.796875
511,5110.0,1.0,0.75,0.78125
512,5120.0,1.0,0.625,0.78125
513,5130.0,1.0,0.6875,0.78125
514,5140.0,1.0,0.875,0.796875
515,5150.0,1.0,0.6875,0.71875
516,5160.0,1.0,0.8125,0.75
517,5170.0,0.96875,0.71875,0.765625
518,5180.0,1.0,0.6875,0.75
519,5190.0,0.96875,0.8125,0.71875
520,5200.0,1.0,0.78125,0.78125
521,5210.0,0.96875,0.875,0.828125
522,5220.0,1.0,0.625,0.796875
523,5230.0,0.96875,0.59375,0.78125
524,5240.0,1.0,0.6875,0.796875
525,5250.0,1.0,0.5,0.796875
526,5260.0,0.96875,0.65625,0.75
527,5270.0,0.96875,0.71875,0.671875
528,5280.0,1.0,0.625,0.75
529,5290.0,1.0,0.78125,0.78125
530,5300.0,1.0,0.78125,0.828125
531,5310.0,1.0,0.6875,0.6875
532,5320.0,1.0,0.8125,0.71875
533,5330.0,0.9375,0.78125,0.765625
534,5340.0,1.0,0.65625,0.859375
535,5350.0,1.0,0.6875,0.6875
536,5360.0,1.0,0.65625,0.734375
537,5370.0,1.0,0.75,0.84375
538,5380.0,0.96875,0.59375,0.6875
539,5390.0,0.96875,0.65625,0.796875
540,5400.0,1.0,0.78125,0.53125
541,5410.0,1.0,0.65625,0.734375
542,5420.0,1.0,0.625,0.734375
543,5430.0,1.0,0.59375,0.78125
544,5440.0,1.0,0.78125,0.71875
545,5450.0,1.0,0.75,0.671875
546,5460.0,1.0,0.75,0.78125
547,5470.0,0.96875,0.65625,0.8125
548,5480.0,1.0,0.8125,0.703125
549,5490.0,0.96875,0.6875,0.828125
550,5500.0,0.96875,0.59375,0.765625
551,5510.0,0.96875,0.6875,0.734375
552,5520.0,1.0,0.65625,0.65625
553,5530.0,0.90625,0.71875,0.71875
554,5540.0,1.0,0.6875,0.671875
555,5550.0,1.0,0.71875,0.6875
556,5560.0,1.0,0.6875,0.640625
557,5570.0,0.96875,0.84375,0.75
558,5580.0,1.0,0.625,0.796875
559,5590.0,0.9375,0.71875,0.796875
560,5600.0,1.0,0.75,0.703125
561,5610.0,1.0,0.75,0.625
562,5620.0,1.0,0.71875,0.671875
563,5630.0,0.96875,0.65625,0.71875
564,5640.0,1.0,0.59375,0.65625
565,5650.0,1.0,0.78125,0.703125
566,5660.0,1.0,0.78125,0.71875
567,5670.0,1.0,0.65625,0.671875
568,5680.0,1.0,0.75,0.65625
569,5690.0,1.0,0.59375,0.765625
570,5700.0,1.0,0.6875,0.765625
571,5710.0,1.0,0.625,0.734375
572,5720.0,0.96875,0.75,0.75
573,5730.0,1.0,0.625,0.734375
574,5740.0,0.9375,0.65625,0.765625
575,5750.0,1.0,0.75,0.671875
576,5760.0,1.0,0.6875,0.640625
577,5770.0,0.96875,0.6875,0.765625
578,5780.0,1.0,0.59375,0.6875
579,5790.0,1.0,0.65625,0.6875
580,5800.0,0.9375,0.6875,0.8125
581,5810.0,1.0,0.6875,0.734375
582,5820.0,0.96875,0.65625,0.875
583,5830.0,0.96875,0.8125,0.640625
584,5840.0,0.96875,0.625,0.671875
585,5850.0,1.0,0.75,0.65625
586,5860.0,0.96875,0.6875,0.671875
587,5870.0,0.96875,0.875,0.59375
588,5880.0,1.0,0.71875,0.671875
589,5890.0,0.96875,0.625,0.734375
590,5900.0,1.0,0.65625,0.734375
591,5910.0,1.0,0.6875,0.71875
592,5920.0,0.96875,0.84375,0.734375
593,5930.0,0.96875,0.90625,0.703125
594,5940.0,0.96875,0.8125,0.703125
595,5950.0,0.96875,0.78125,0.71875
596,5960.0,1.0,0.8125,0.734375
597,5970.0,1.0,0.875,0.6875
598,5980.0,0.96875,0.6875,0.796875
599,5990.0,1.0,0.90625,0.75
600,6000.0,1.0,0.71875,0.75
601,6010.0,0.9375,0.65625,0.640625
602,6020.0,1.0,0.65625,0.765625
603,6030.0,0.96875,0.84375,0.609375
604,6040.0,1.0,0.65625,0.703125
605,6050.0,1.0,0.5625,0.71875
606,6060.0,0.96875,0.75,0.734375
607,6070.0,1.0,0.71875,0.703125
608,6080.0,1.0,0.78125,0.65625
609,6090.0,1.0,0.75,0.609375
610,6100.0,1.0,0.71875,0.734375
611,6110.0,1.0,0.5,0.65625
612,6120.0,1.0,0.8125,0.578125
613,6130.0,1.0,0.53125,0.828125
614,6140.0,1.0,0.78125,0.796875
615,6150.0,0.96875,0.78125,0.75
616,6160.0,0.9375,0.71875,0.671875
617,6170.0,0.96875,0.71875,0.75
618,6180.0,1.0,0.625,0.71875
619,6190.0,1.0,0.71875,0.71875
620,6200.0,0.96875,0.78125,0.71875
621,6210.0,1.0,0.6875,0.765625
622,6220.0,1.0,0.75,0.734375
623,6230.0,1.0,0.6875,0.734375
624,6240.0,1.0,0.75,0.75
625,6250.0,1.0,0.75,0.6875
626,6260.0,1.0,0.75,0.71875
627,6270.0,1.0,0.71875,0.703125
628,6280.0,1.0,0.75,0.65625
629,6290.0,1.0,0.6875,0.640625
630,6300.0,0.96875,0.625,0.78125
631,6310.0,1.0,0.78125,0.8125
632,6320.0,1.0,0.78125,0.75
633,6330.0,1.0,0.78125,0.765625
634,6340.0,1.0,0.53125,0.6875
635,6350.0,0.96875,0.6875,0.8125
636,6360.0,1.0,0.9375,0.71875
637,6370.0,1.0,0.65625,0.703125
638,6380.0,0.96875,0.75,0.765625
639,6390.0,0.96875,0.84375,0.75
640,6400.0,1.0,0.84375,0.703125
641,6410.0,1.0,0.8125,0.59375
642,6420.0,1.0,0.625,0.703125
643,6430.0,0.96875,0.71875,0.640625
644,6440.0,0.9375,0.6875,0.71875
645,6450.0,1.0,0.9375,0.640625
646,6460.0,1.0,0.59375,0.75
647,6470.0,1.0,0.71875,0.6875
648,6480.0,1.0,0.71875,0.6875
649,6490.0,0.96875,0.625,0.640625
650,6500.0,1.0,0.8125,0.6875
651,6510.0,1.0,0.78125,0.75
652,6520.0,0.96875,0.65625,0.734375
653,6530.0,1.0,0.75,0.796875
654,6540.0,1.0,0.875,0.8125
655,6550.0,0.96875,0.75,0.625
656,6560.0,1.0,0.78125,0.6875
657,6570.0,0.96875,0.78125,0.640625
658,6580.0,0.96875,0.6875,0.6875
659,6590.0,1.0,0.75,0.71875
660,6600.0,1.0,0.75,0.71875
661,6610.0,0.96875,0.78125,0.65625
662,6620.0,1.0,0.75,0.71875
663,6630.0,0.96875,0.71875,0.65625
664,6640.0,1.0,0.75,0.78125
665,6650.0,1.0,0.65625,0.71875
666,6660.0,1.0,0.78125,0.703125
667,6670.0,1.0,0.625,0.703125
668,6680.0,1.0,0.71875,0.71875
669,6690.0,1.0,0.71875,0.71875
670,6700.0,1.0,0.6875,0.78125
671,6710.0,0.96875,0.71875,0.75
672,6720.0,1.0,0.78125,0.640625
673,6730.0,1.0,0.75,0.671875
674,6740.0,1.0,0.78125,0.765625
675,6750.0,0.96875,0.78125,0.703125
676,6760.0,1.0,0.65625,0.75
677,6770.0,0.9375,0.625,0.84375
678,6780.0,1.0,0.78125,0.78125
679,6790.0,0.96875,0.5625,0.71875
680,6800.0,1.0,0.625,0.828125
681,6810.0,0.96875,0.78125,0.765625
682,6820.0,0.96875,0.5625,0.828125
683,6830.0,1.0,0.71875,0.734375
684,6840.0,0.96875,0.78125,0.71875
685,6850.0,1.0,0.75,0.8125
686,6860.0,0.96875,0.65625,0.875
687,6870.0,1.0,0.84375,0.71875
688,6880.0,1.0,0.78125,0.703125
689,6890.0,1.0,0.8125,0.6875
690,6900.0,1.0,0.875,0.734375
691,6910.0,1.0,0.6875,0.734375
692,6920.0,1.0,0.65625,0.75
693,6930.0,1.0,0.78125,0.71875
694,6940.0,1.0,0.875,0.703125
695,6950.0,1.0,0.6875,0.75
696,6960.0,1.0,0.75,0.71875
697,6970.0,1.0,0.84375,0.75
698,6980.0,1.0,0.8125,0.71875
699,6990.0,0.96875,0.78125,0.71875
700,7000.0,1.0,0.75,0.765625
701,7010.0,1.0,0.8125,0.84375
702,7020.0,1.0,0.71875,0.78125
703,7030.0,1.0,0.90625,0.6875
704,7040.0,1.0,0.84375,0.765625
705,7050.0,1.0,0.84375,0.78125
706,7060.0,1.0,0.75,0.734375
707,7070.0,1.0,0.84375,0.8125
708,7080.0,1.0,0.65625,0.734375
709,7090.0,1.0,0.71875,0.65625
710,7100.0,1.0,0.875,0.6875
711,7110.0,1.0,0.8125,0.78125
712,7120.0,1.0,0.71875,0.734375
713,7130.0,1.0,0.71875,0.796875
714,7140.0,1.0,0.71875,0.78125
715,7150.0,0.96875,0.78125,0.796875
716,7160.0,1.0,0.75,0.75
717,7170.0,0.96875,0.71875,0.71875
718,7180.0,1.0,0.8125,0.671875
719,7190.0,0.9375,0.78125,0.75
720,7200.0,1.0,0.8125,0.796875
721,7210.0,1.0,0.75,0.734375
722,7220.0,1.0,0.71875,0.78125
723,7230.0,0.96875,0.6875,0.765625
724,7240.0,1.0,0.6875,0.796875
725,7250.0,1.0,0.75,0.703125
726,7260.0,1.0,0.71875,0.796875
727,7270.0,1.0,0.8125,0.671875
728,7280.0,1.0,0.6875,0.78125
729,7290.0,0.96875,0.96875,0.625
730,7300.0,1.0,0.90625,0.625
731,7310.0,0.96875,0.75,0.71875
732,7320.0,1.0,0.75,0.625
733,7330.0,0.96875,0.71875,0.71875
734,7340.0,1.0,0.75,0.734375
735,7350.0,1.0,0.75,0.6875
736,7360.0,1.0,0.75,0.78125
737,7370.0,1.0,0.90625,0.796875
738,7380.0,1.0,0.6875,0.71875
739,7390.0,1.0,0.75,0.71875
740,7400.0,1.0,0.75,0.765625
741,7410.0,1.0,0.84375,0.75
742,7420.0,1.0,0.78125,0.78125
743,7430.0,1.0,0.6875,0.75
744,7440.0,0.96875,0.6875,0.765625
745,7450.0,1.0,0.84375,0.71875
746,7460.0,1.0,0.75,0.71875
747,7470.0,1.0,0.59375,0.78125
748,7480.0,1.0,0.75,0.765625
749,7490.0,0.96875,0.71875,0.765625
750,7500.0,1.0,0.90625,0.84375
751,7510.0,1.0,0.78125,0.625
752,7520.0,1.0,0.75,0.78125
753,7530.0,1.0,0.75,0.8125
754,7540.0,0.96875,0.75,0.796875
755,7550.0,1.0,0.5625,0.828125
756,7560.0,1.0,0.78125,0.734375
757,7570.0,0.96875,0.84375,0.78125
758,7580.0,1.0,0.71875,0.765625
759,7590.0,1.0,0.59375,0.703125
760,7600.0,1.0,0.78125,0.671875
761,7610.0,0.96875,0.5625,0.75
762,7620.0,0.96875,0.59375,0.765625
763,7630.0,1.0,0.9375,0.75
764,7640.0,1.0,0.65625,0.84375
765,7650.0,0.96875,0.6875,0.71875
766,7660.0,1.0,0.8125,0.765625
767,7670.0,1.0,0.6875,0.84375
768,7680.0,1.0,0.59375,0.703125
769,7690.0,0.96875,0.75,0.71875
770,7700.0,0.96875,0.71875,0.78125
771,7710.0,0.96875,0.71875,0.703125
772,7720.0,1.0,0.6875,0.8125
773,7730.0,1.0,0.84375,0.6875
774,7740.0,0.96875,0.8125,0.71875
775,7750.0,0.96875,0.75,0.703125
776,7760.0,1.0,0.75,0.703125
777,7770.0,1.0,0.65625,0.828125
778,7780.0,1.0,0.71875,0.765625
779,7790.0,0.96875,0.6875,0.703125
780,7800.0,1.0,0.71875,0.734375
781,7810.0,1.0,0.71875,0.796875
782,7820.0,0.96875,0.8125,0.796875
783,7830.0,1.0,0.65625,0.765625
784,7840.0,0.96875,0.75,0.640625
785,7850.0,0.96875,0.8125,0.8125
786,7860.0,0.9375,0.78125,0.734375
787,7870.0,1.0,0.84375,0.609375
788,7880.0,1.0,0.75,0.765625
789,7890.0,1.0,0.71875,0.703125
790,7900.0,0.96875,0.8125,0.796875
791,7910.0,0.96875,0.75,0.6875
792,7920.0,0.96875,0.6875,0.671875
793,7930.0,1.0,0.75,0.703125
794,7940.0,1.0,0.8125,0.75
795,7950.0,1.0,0.78125,0.78125
796,7960.0,1.0,0.78125,0.765625
797,7970.0,1.0,0.8125,0.703125
798,7980.0,0.96875,0.75,0.578125
799,7990.0,1.0,0.78125,0.8125
800,8000.0,1.0,0.8125,0.6875
801,8010.0,1.0,0.78125,0.765625
802,8020.0,1.0,0.6875,0.859375
803,8030.0,1.0,0.65625,0.75
804,8040.0,1.0,0.71875,0.75
805,8050.0,1.0,0.78125,0.734375
806,8060.0,1.0,0.75,0.6875
807,8070.0,1.0,0.8125,0.828125
808,8080.0,1.0,0.75,0.71875
809,8090.0,0.96875,0.75,0.78125
810,8100.0,1.0,0.84375,0.71875
811,8110.0,1.0,0.59375,0.859375
812,8120.0,1.0,0.71875,0.71875
813,8130.0,1.0,0.65625,0.78125
814,8140.0,1.0,0.75,0.6875
815,8150.0,1.0,0.65625,0.78125
816,8160.0,1.0,0.71875,0.796875
817,8170.0,0.96875,0.6875,0.6875
818,8180.0,1.0,0.6875,0.78125
819,8190.0,1.0,0.75,0.703125
820,8200.0,1.0,0.65625,0.75
821,8210.0,1.0,0.71875,0.703125
822,8220.0,1.0,0.75,0.78125
823,8230.0,1.0,0.6875,0.828125
824,8240.0,1.0,0.6875,0.828125
825,8250.0,1.0,0.75,0.75
826,8260.0,0.96875,0.53125,0.75
827,8270.0,1.0,0.75,0.796875
828,8280.0,0.96875,0.875,0.71875
829,8290.0,1.0,0.84375,0.75
830,8300.0,0.96875,0.75,0.75
831,8310.0,1.0,0.78125,0.6875
832,8320.0,1.0,0.8125,0.703125
833,8330.0,1.0,0.8125,0.75
834,8340.0,0.96875,0.59375,0.71875
835,8350.0,1.0,0.65625,0.78125
836,8360.0,0.96875,0.59375,0.734375
837,8370.0,1.0,0.65625,0.8125
838,8380.0,1.0,0.84375,0.796875
839,8390.0,0.96875,0.71875,0.734375
840,8400.0,1.0,0.6875,0.78125
841,8410.0,1.0,0.625,0.78125
842,8420.0,1.0,0.65625,0.765625
843,8430.0,1.0,0.75,0.734375
844,8440.0,1.0,0.78125,0.734375
845,8450.0,1.0,0.78125,0.75
846,8460.0,1.0,0.65625,0.6875
847,8470.0,1.0,0.6875,0.765625
848,8480.0,1.0,0.6875,0.71875
849,8490.0,0.96875,0.875,0.71875
850,8500.0,1.0,0.625,0.640625
851,8510.0,1.0,0.78125,0.65625
852,8520.0,0.96875,0.75,0.796875
853,8530.0,1.0,0.78125,0.765625
854,8540.0,1.0,0.71875,0.71875
855,8550.0,1.0,0.8125,0.75
856,8560.0,1.0,0.8125,0.671875
857,8570.0,0.96875,0.6875,0.734375
858,8580.0,1.0,0.78125,0.765625
859,8590.0,1.0,0.84375,0.78125
